Credit Level,Credit Lower Bound,Credit Upper Bound,Credit Description,Good Customers,Bad Customers,Customers,Customers Rate,Default Rate,Reverse Cumulative Customers,Reverse Cumulative Good Customers,Reverse Cumulative Bad Customers,Good Customers Coverage,Loss Coverage
1,-inf,350.0,Very Poor,0.0,8.0,8.0,0.08184143222506395,100.0,9775.0,7642.0,2133.0,1.0,0.2182097186700767
2,350.0,400.0,Poor,1.0,29.0,30.0,0.3069053708439898,96.66666666666667,9767.0,7642.0,2125.0,1.0,0.21756936623323436
3,400.0,450.0,Below Average,28.0,322.0,350.0,3.580562659846547,92.0,9737.0,7641.0,2096.0,0.9998691442030881,0.2152613741398788
4,450.0,500.0,Average,397.0,825.0,1222.0,12.501278772378516,67.51227495908347,9387.0,7613.0,1774.0,0.9962051818895578,0.18898476616597423
5,500.0,550.0,Above Average,1858.0,633.0,2491.0,25.483375959079286,25.411481332798076,8165.0,7216.0,949.0,0.9442554305155718,0.11622780159216167
6,550.0,600.0,Good,3240.0,257.0,3497.0,35.77493606138108,7.34915641978839,5674.0,5358.0,316.0,0.7011253598534415,0.05569263306309482
7,600.0,650.0,Very Good,2038.0,59.0,2097.0,21.452685421994886,2.8135431568907965,2177.0,2118.0,59.0,0.27715257785919917,0.027101515847496555
8,650.0,700.0,Excellent,80.0,0.0,80.0,0.8184143222506393,0.0,80.0,80.0,0.0,0.010468463752944255,0.0
