{
    "ROC AUC Score": 0.8698805394816606,
    "PR AUC Score": 0.7123467967634151,
    "Gini Score": 0.7397610789633211,
    "Kolmogorov-Smirnov Score": 0.6164803829590441
}